id,first_name,last_name,email,gender,Department
1,Alyce,Jamison,ajamison0@usnews.com,Genderfluid,Support
2,Farlie,Sommerlin,fsommerlin1@liveinternet.ru,Male,Training
3,Katusha,Braune,kbraune2@amazon.co.jp,Female,Research and Development
4,Nicole,Dollman,ndollman3@facebook.com,Genderfluid,Services
5,Rick,Arsmith,rarsmith4@timesonline.co.uk,Bigender,Training
6,Lolita,Bessent,lbessent5@who.int,Genderfluid,Training
7,Ashil,Willmott,awillmott6@cyberchimps.com,Genderfluid,Business Development
8,Lilia,MacAdam,lmacadam7@zimbio.com,Polygender,Support
9,Shana,Kardos-Stowe,skardosstowe8@blinklist.com,Male,Research and Development
10,Evvy,Booth-Jarvis,eboothjarvis9@cornell.edu,Genderqueer,Accounting
11,Barbabas,Daber,bdabera@wikimedia.org,Bigender,Research and Development
12,Sibby,Smalls,ssmallsb@rambler.ru,Genderfluid,Services
13,Guglielmo,Lomasna,glomasnac@illinois.edu,Bigender,Research and Development
14,Vanda,Cowely,vcowelyd@narod.ru,Polygender,Human Resources
15,Lemuel,Loy,lloye@g.co,Agender,Legal
16,Pietrek,Dobrowolski,pdobrowolskif@si.edu,Bigender,Human Resources
17,Herta,Rossbrook,hrossbrookg@surveymonkey.com,Genderqueer,Accounting
18,Pincas,Blackshaw,pblackshawh@blogs.com,Male,Engineering
19,Mark,Dinnage,mdinnagei@sakura.ne.jp,Genderfluid,Services
20,Madelina,Deavin,mdeavinj@amazon.co.jp,Male,Legal
